M,X,class,const_cls,med_d,scl,scl_pool,logprior,thr,n
Ag,As,const,0,,,,,,10
Ag,Br,const,0,,,,,,226
Ag,C,Double,,2.1190,0.0118,0.1245,-2.3838,,13
Ag,C,Single,,2.2291,0.1388,0.1245,-0.0967,,128
Ag,C,thr,,,,0.1245,,-inf|-inf,141
Ag,Cl,const,0,,,,,,197
Ag,I,const,0,,,,,,104
Ag,N,const,0,,,,,,719
Ag,O,const,0,,,,,,166
Ag,P,const,0,,,,,,206
Ag,S,const,0,,,,,,140
Al,As,const,0,,,,,,39
Al,Br,const,0,,,,,,128
Al,C,Double,,2.1578,0.0407,0.0259,-5.4430,,7
Al,C,Single,,2.0162,0.0259,0.0259,-0.0043,,1611
Al,C,thr,,,,0.0259,,-inf|-inf,1618
Al,Cl,const,0,,,,,,588
Al,F,const,0,,,,,,92
Al,H,const,0,,,,,,277
Al,I,const,0,,,,,,117
Al,N,const,0,,,,,,1315
Al,O,const,0,,,,,,1298
Al,P,const,0,,,,,,81
Al,S,const,0,,,,,,68
Al,Se,const,0,,,,,,24
Al,Si,const,0,,,,,,30
Al,Te,const,0,,,,,,18
Au,As,const,0,,,,,,18
Au,Br,const,0,,,,,,28
Au,C,Double,,2.0116,0.0318,0.0394,-1.3345,,114
Au,C,Single,,2.0564,0.0431,0.0394,-0.3055,,319
Au,C,thr,,,,0.0394,,2.01636|1.91161,433
Au,Cl,const,0,,,,,,201
Au,I,const,0,,,,,,11
Au,N,const,0,,,,,,118
Au,O,const,0,,,,,,16
Au,P,const,0,,,,,,282
Au,S,const,0,,,,,,158
Au,Se,const,0,,,,,,14
Au,Te,const,0,,,,,,7
B,As,const,0,,,,,,18
B,Br,const,0,,,,,,202
B,C,Double,,1.4930,0.0463,0.0400,-2.8709,,150
B,C,Single,,1.6016,0.0399,0.0400,-0.0583,,2498
B,C,thr,,,,0.0400,,1.50533|-inf,2648
B,Cl,const,0,,,,,,206
B,F,const,0,,,,,,1055
B,H,const,0,,,,,,552
B,I,const,0,,,,,,48
B,N,Double,,1.3903,0.0422,0.0910,-2.6756,,98
B,N,Single,,1.4611,0.0959,0.0910,-0.0797,,1314
B,N,Triple,,1.2518,0.0072,0.0910,-4.8626,,11
B,N,thr,,,,0.0910,,1.36168|1.258,1423
B,O,const,0,,,,,,948
B,P,Double,,1.8177,0.0532,0.0556,-3.1321,,13
B,P,Single,,1.9512,0.0558,0.0556,-0.0446,,285
B,P,thr,,,,0.0556,,1.846|-inf,298
B,S,Double,,1.7027,0.0104,0.1007,-2.9857,,5
B,S,Single,,1.9111,0.1011,0.1007,-0.0518,,94
B,S,thr,,,,0.1007,,1.77646|-inf,99
B,Se,const,0,,,,,,62
B,Si,const,0,,,,,,8
B,Te,const,0,,,,,,10
Ce,Br,const,0,,,,,,37
Ce,C,const,0,,,,,,21
Ce,Cl,const,0,,,,,,88
Ce,F,const,0,,,,,,5
Ce,H,const,0,,,,,,19
Ce,I,const,0,,,,,,57
Ce,N,const,0,,,,,,572
Ce,O,const,0,,,,,,640
Ce,S,const,0,,,,,,34
Ce,Se,const,0,,,,,,8
Co,As,const,0,,,,,,55
Co,Br,const,0,,,,,,113
Co,C,Double,,1.8721,0.0356,0.0225,-4.3648,,30
Co,C,Single,,1.7945,0.0224,0.0225,-0.0128,,2329
Co,C,thr,,,,0.0225,,-inf|-inf,2359
Co,Cl,const,0,,,,,,583
Co,H,const,0,,,,,,69
Co,I,const,0,,,,,,126
Co,N,Double,,1.6664,0.0219,0.1345,-5.5443,,9
Co,N,Single,,1.9275,0.1347,0.1345,-0.0061,,2288
Co,N,Triple,,1.6357,0.0251,0.1345,-6.1321,,5
Co,N,thr,,,,0.1345,,-inf|-inf,2302
Co,O,const,0,,,,,,1906
Co,P,const,0,,,,,,722
Co,S,const,0,,,,,,466
Co,Se,const,0,,,,,,24
Co,Si,const,0,,,,,,23
Co,Te,const,0,,,,,,8
Cr,As,const,0,,,,,,48
Cr,Br,const,0,,,,,,36
Cr,C,Double,,2.0362,0.0507,0.0192,-2.6199,,248
Cr,C,Single,,1.8646,0.0178,0.0192,-0.0778,,3151
Cr,C,Triple,,1.7823,0.0050,0.0192,-6.1874,,7
Cr,C,thr,,,,0.0192,,1.77505|1.77505,3406
Cr,Cl,const,0,,,,,,445
Cr,F,const,0,,,,,,23
Cr,H,const,0,,,,,,53
Cr,I,const,0,,,,,,59
Cr,N,Double,,1.6561,0.0125,0.1181,-2.8276,,74
Cr,N,Single,,1.9856,0.1374,0.1181,-0.0885,,1145
Cr,N,Triple,,1.6283,0.0077,0.1181,-3.6660,,32
Cr,N,thr,,,,0.1181,,1.74735|1.64017,1251
Cr,O,Double,,1.5562,0.0050,0.1372,-1.2611,,289
Cr,O,Single,,1.9074,0.2527,0.1372,-0.3331,,731
Cr,O,thr,,,,0.1372,,1.61489|-inf,1020
Cr,P,const,0,,,,,,324
Cr,S,const,0,,,,,,205
Cr,Se,const,0,,,,,,41
Cr,Si,const,1,,,,,,8
Cr,Te,const,0,,,,,,15
Cu,As,const,0,,,,,,6
Cu,Br,const,0,,,,,,255
Cu,C,Double,,1.9278,0.0425,0.0476,-0.8093,,69
Cu,C,Single,,2.0080,0.0655,0.0476,-0.5891,,86
Cu,C,thr,,,,0.0476,,1.98173|1.85883,155
Cu,Cl,const,0,,,,,,899
Cu,F,const,0,,,,,,5
Cu,I,const,0,,,,,,613
Cu,N,const,0,,,,,,2323
Cu,O,const,0,,,,,,3029
Cu,P,const,0,,,,,,224
Cu,S,const,0,,,,,,220
Cu,Se,const,0,,,,,,7
Fe,As,const,0,,,,,,18
Fe,Br,const,0,,,,,,126
Fe,C,Double,,1.8893,0.0930,0.0195,-3.2788,,116
Fe,C,Single,,1.7688,0.0189,0.0195,-0.0394,,2960
Fe,C,thr,,,,0.0195,,1.67892|1.67892,3079
Fe,Cl,const,0,,,,,,501
Fe,F,const,0,,,,,,42
Fe,H,const,0,,,,,,120
Fe,I,const,0,,,,,,62
Fe,N,Double,,1.6382,0.0624,0.1028,-4.8508,,13
Fe,N,Single,,1.9254,0.1043,0.1028,-0.0115,,1643
Fe,N,Triple,,1.5905,0.0096,0.1028,-5.6240,,6
Fe,N,thr,,,,0.1028,,-inf|-inf,1662
Fe,O,const,0,,,,,,944
Fe,P,Double,,2.1011,0.0111,0.0314,-4.7020,,6
Fe,P,Single,,2.1715,0.0321,0.0314,-0.0091,,655
Fe,P,thr,,,,0.0314,,2.10264|-inf,661
Fe,S,const,0,,,,,,1514
Fe,Se,const,0,,,,,,95
Fe,Si,const,0,,,,,,52
Fe,Te,const,0,,,,,,41
Ga,As,const,0,,,,,,33
Ga,Br,const,0,,,,,,43
Ga,C,Double,,2.1282,0.0999,0.0179,-4.4659,,6
Ga,C,Single,,2.0463,0.0175,0.0179,-0.0116,,516
Ga,C,thr,,,,0.0179,,-inf|-inf,522
Ga,Cl,const,0,,,,,,541
Ga,F,const,0,,,,,,22
Ga,H,const,0,,,,,,43
Ga,I,const,0,,,,,,110
Ga,N,const,0,,,,,,426
Ga,O,const,0,,,,,,244
Ga,P,const,0,,,,,,83
Ga,S,const,0,,,,,,123
Ga,Se,const,0,,,,,,18
Ga,Te,const,0,,,,,,17
Hf,Br,const,0,,,,,,14
Hf,C,const,0,,,,,,128
Hf,Cl,const,0,,,,,,252
Hf,F,const,0,,,,,,65
Hf,I,const,0,,,,,,17
Hf,N,const,0,,,,,,314
Hf,O,const,0,,,,,,164
Hf,P,const,0,,,,,,42
Hf,S,const,0,,,,,,28
Hf,Si,const,0,,,,,,7
In,As,const,0,,,,,,27
In,Br,const,0,,,,,,171
In,C,const,0,,,,,,775
In,Cl,const,0,,,,,,415
In,F,const,0,,,,,,38
In,H,const,0,,,,,,16
In,I,const,0,,,,,,89
In,N,const,0,,,,,,747
In,O,const,0,,,,,,664
In,P,const,0,,,,,,131
In,S,const,0,,,,,,248
In,Se,const,0,,,,,,65
In,Te,const,0,,,,,,10
Ir,Br,const,0,,,,,,27
Ir,C,Double,,1.9711,0.0649,0.1171,-2.2347,,99
Ir,C,Single,,2.0354,0.1411,0.1171,-0.1144,,825
Ir,C,thr,,,,0.1171,,-inf|-inf,925
Ir,Cl,const,0,,,,,,654
Ir,F,const,0,,,,,,7
Ir,H,const,0,,,,,,304
Ir,I,const,0,,,,,,150
Ir,N,Single,,2.0738,0.0934,0.0927,-0.0154,,645
Ir,N,Triple,,1.7724,0.0136,0.0927,-4.6929,,6
Ir,N,thr,,,,0.0927,,1.8366|1.7974,655
Ir,O,const,0,,,,,,221
Ir,P,const,0,,,,,,703
Ir,S,const,0,,,,,,379
Ir,Se,const,0,,,,,,32
Ir,Si,const,0,,,,,,56
La,Cl,const,0,,,,,,67
La,H,const,0,,,,,,15
La,I,const,0,,,,,,14
La,N,const,0,,,,,,233
La,O,const,0,,,,,,976
La,S,const,0,,,,,,36
La,Se,const,0,,,,,,9
Mg,Br,const,0,,,,,,83
Mg,C,const,0,,,,,,74
Mg,Cl,const,0,,,,,,50
Mg,H,const,0,,,,,,24
Mg,I,const,0,,,,,,13
Mg,N,const,0,,,,,,251
Mg,O,const,0,,,,,,309
Mg,P,const,0,,,,,,6
Mg,S,const,0,,,,,,14
Mg,Se,const,0,,,,,,8
Mn,As,const,0,,,,,,37
Mn,Br,const,0,,,,,,187
Mn,C,Double,,1.9046,0.0487,0.0139,-3.6434,,81
Mn,C,Single,,1.7879,0.0134,0.0139,-0.0272,,3013
Mn,C,thr,,,,0.0139,,-inf|-inf,3096
Mn,Cl,const,0,,,,,,256
Mn,F,const,0,,,,,,20
Mn,H,const,0,,,,,,50
Mn,I,const,0,,,,,,27
Mn,N,Double,,1.5981,0.0071,0.1137,-3.7842,,20
Mn,N,Single,,2.0020,0.1172,0.1137,-0.0406,,845
Mn,N,Triple,,1.5353,0.0050,0.1137,-4.0719,,15
Mn,N,thr,,,,0.1137,,1.63713|1.55862,880
Mn,O,Double,,1.4780,0.0050,0.2178,-5.2893,,5
Mn,O,Single,,2.0429,0.2192,0.2178,-0.0061,,985
Mn,O,thr,,,,0.2178,,1.49223|1.46973,991
Mn,P,const,0,,,,,,354
Mn,S,Double,,2.1642,0.0050,0.1499,-4.1325,,6
Mn,S,Single,,2.4609,0.1512,0.1499,-0.0162,,368
Mn,S,thr,,,,0.1499,,-inf|-inf,374
Mn,Se,const,0,,,,,,60
Mn,Si,const,0,,,,,,7
Mn,Te,const,0,,,,,,22
Mo,As,const,0,,,,,,65
Mo,Br,const,0,,,,,,185
Mo,C,Double,,2.0278,0.0950,0.0253,-4.7536,,25
Mo,C,Single,,1.9487,0.0251,0.0253,-0.0199,,2843
Mo,C,Triple,,1.8519,0.0296,0.0253,-4.5067,,32
Mo,C,thr,,,,0.0253,,1.88076|1.88076,2900
Mo,Cl,const,0,,,,,,977
Mo,F,const,0,,,,,,23
Mo,H,const,0,,,,,,190
Mo,I,const,0,,,,,,116
Mo,N,Double,,1.7455,0.0140,0.1397,-2.7521,,77
Mo,N,Single,,2.1282,0.1777,0.1397,-0.1318,,1058
Mo,N,Triple,,1.7295,0.0159,0.1397,-2.8192,,72
Mo,N,thr,,,,0.1397,,1.73179|1.73179,1207
Mo,O,Double,,1.6421,0.0102,0.0706,-1.2133,,532
Mo,O,Single,,1.9564,0.1720,0.0706,-0.3551,,1255
Mo,O,thr,,,,0.0706,,1.6693|-inf,1790
Mo,P,const,0,,,,,,1043
Mo,S,Double,,2.1817,0.0231,0.1056,-3.2452,,51
Mo,S,Single,,2.4970,0.1094,0.1056,-0.0405,,1257
Mo,S,thr,,,,0.1056,,2.19527|2.14499,1309
Mo,Se,const,0,,,,,,101
Mo,Si,const,0,,,,,,20
Mo,Te,const,0,,,,,,44
Nb,As,const,0,,,,,,12
Nb,Br,const,0,,,,,,51
Nb,C,Double,,2.0563,0.0128,0.1680,-3.2426,,5
Nb,C,Single,,2.1833,0.1703,0.1680,-0.0480,,122
Nb,C,thr,,,,0.1680,,1.96335|1.96335,128
Nb,Cl,const,0,,,,,,717
Nb,F,const,0,,,,,,129
Nb,H,const,0,,,,,,54
Nb,I,const,0,,,,,,22
Nb,N,Double,,1.7882,0.0252,0.1696,-1.8206,,57
Nb,N,Single,,2.2304,0.2326,0.1696,-0.1972,,289
Nb,N,Triple,,1.7668,0.0050,0.1696,-4.0719,,6
Nb,N,thr,,,,0.1696,,1.82757|-inf,352
Nb,O,Double,,1.6882,0.0132,0.2520,-2.2246,,24
Nb,O,Single,,2.0518,0.2704,0.2520,-0.1144,,198
Nb,O,thr,,,,0.2520,,1.75711|-inf,222
Nb,P,const,0,,,,,,107
Nb,S,Double,,2.2879,0.0076,0.1066,-2.7150,,19
Nb,S,Single,,2.5411,0.1101,0.1066,-0.0685,,268
Nb,S,thr,,,,0.1066,,2.34842|-inf,287
Nb,Se,const,0,,,,,,21
Nb,Si,const,0,,,,,,13
Nb,Te,const,0,,,,,,5
Ni,As,const,0,,,,,,9
Ni,Br,const,0,,,,,,346
Ni,C,Double,,1.9149,0.0703,0.1095,-2.4108,,42
Ni,C,Single,,1.9106,0.1149,0.1095,-0.0940,,426
Ni,C,thr,,,,0.1095,,-inf|-inf,468
Ni,Cl,const,0,,,,,,531
Ni,F,const,0,,,,,,6
Ni,H,const,0,,,,,,29
Ni,I,const,0,,,,,,63
Ni,N,const,0,,,,,,2469
Ni,O,const,0,,,,,,1712
Ni,P,const,0,,,,,,537
Ni,S,const,0,,,,,,628
Ni,Se,const,0,,,,,,44
Ni,Si,const,0,,,,,,22
Os,As,const,0,,,,,,10
Os,Br,const,0,,,,,,129
Os,C,Double,,1.9525,0.0640,0.0747,-2.5917,,68
Os,C,Single,,1.9229,0.0761,0.0747,-0.0983,,823
Os,C,Triple,,1.8197,0.0212,0.0747,-3.9780,,17
Os,C,thr,,,,0.0747,,1.83994|1.83994,908
Os,Cl,const,0,,,,,,644
Os,F,const,0,,,,,,75
Os,H,const,0,,,,,,269
Os,I,const,0,,,,,,67
Os,N,Double,,1.7862,0.0623,0.0953,-3.1169,,33
Os,N,Single,,2.0642,0.1102,0.0953,-0.1076,,669
Os,N,Triple,,1.6685,0.0096,0.0953,-2.8522,,43
Os,N,thr,,,,0.0953,,1.83553|1.72948,745
Os,O,Double,,1.6240,0.0121,0.0445,-0.8670,,187
Os,O,Single,,2.1274,0.1333,0.0445,-0.5451,,258
Os,O,thr,,,,0.0445,,1.67862|-inf,445
Os,P,const,0,,,,,,697
Os,S,const,0,,,,,,214
Os,Se,const,0,,,,,,16
Os,Si,const,0,,,,,,31
Pb,Br,const,0,,,,,,136
Pb,C,const,0,,,,,,247
Pb,Cl,const,0,,,,,,118
Pb,H,const,0,,,,,,5
Pb,I,const,0,,,,,,116
Pb,N,const,0,,,,,,668
Pb,O,const,0,,,,,,591
Pb,P,const,0,,,,,,6
Pb,S,const,0,,,,,,212
Pb,Se,const,0,,,,,,21
Pd,As,const,0,,,,,,9
Pd,Br,const,0,,,,,,143
Pd,C,Double,,1.9929,0.0411,0.0598,-2.0117,,42
Pd,C,Single,,2.0368,0.0624,0.0598,-0.1436,,272
Pd,C,thr,,,,0.0598,,-inf|-inf,314
Pd,Cl,const,0,,,,,,1078
Pd,I,const,0,,,,,,223
Pd,N,const,0,,,,,,342
Pd,O,const,0,,,,,,130
Pd,P,const,0,,,,,,525
Pd,S,const,0,,,,,,285
Pd,Si,const,0,,,,,,17
Pd,Te,const,0,,,,,,5
Pt,As,const,0,,,,,,11
Pt,Br,const,0,,,,,,171
Pt,C,Double,,1.9930,0.0415,0.0307,-2.8459,,37
Pt,C,Single,,2.0538,0.0300,0.0307,-0.0598,,600
Pt,C,thr,,,,0.0307,,-inf|-inf,637
Pt,Cl,const,0,,,,,,578
Pt,F,const,0,,,,,,10
Pt,H,const,0,,,,,,28
Pt,I,const,0,,,,,,232
Pt,N,const,0,,,,,,505
Pt,O,const,0,,,,,,147
Pt,P,const,0,,,,,,625
Pt,S,const,0,,,,,,350
Pt,Se,const,0,,,,,,44
Pt,Si,const,0,,,,,,37
Pt,Te,const,0,,,,,,22
Re,As,const,0,,,,,,32
Re,Br,const,0,,,,,,239
Re,C,Double,,2.1933,0.0648,0.0208,-4.4519,,43
Re,C,Single,,1.9579,0.0209,0.0208,-0.0197,,3617
Re,C,Triple,,1.8630,0.0095,0.0208,-4.8458,,29
Re,C,thr,,,,0.0208,,1.89911|1.89911,3689
Re,Cl,const,0,,,,,,1173
Re,H,const,0,,,,,,163
Re,I,const,0,,,,,,72
Re,N,Double,,1.7648,0.0180,0.0722,-3.3636,,56
Re,N,Single,,2.1727,0.0884,0.0722,-0.1555,,1385
Re,N,Triple,,1.7310,0.0050,0.0722,-2.2128,,177
Re,N,thr,,,,0.0722,,1.80773|1.7638,1618
Re,O,Double,,1.6672,0.0064,0.0371,-0.7886,,749
Re,O,Single,,2.0995,0.2829,0.0371,-0.6621,,850
Re,O,Triple,,1.6585,0.0050,0.0371,-3.5155,,49
Re,O,thr,,,,0.0371,,1.73759|-inf,1648
Re,P,const,0,,,,,,853
Re,S,Double,,2.1467,0.0050,0.1789,-4.6835,,7
Re,S,Single,,2.5183,0.1795,0.1789,-0.0106,,749
Re,S,thr,,,,0.1789,,2.15202|-inf,757
Re,Se,const,0,,,,,,62
Re,Si,const,0,,,,,,5
Re,Te,const,0,,,,,,7
Rh,As,const,0,,,,,,12
Rh,Br,const,0,,,,,,107
Rh,C,Double,,1.9724,0.0681,0.1905,-3.0053,,52
Rh,C,Single,,1.9958,0.1987,0.1905,-0.0518,,997
Rh,C,thr,,,,0.1905,,1.80634|-inf,1050
Rh,Cl,const,0,,,,,,1211
Rh,H,const,0,,,,,,174
Rh,I,const,0,,,,,,148
Rh,N,const,0,,,,,,782
Rh,O,const,0,,,,,,1471
Rh,P,const,0,,,,,,955
Rh,S,const,0,,,,,,416
Rh,Se,const,0,,,,,,27
Rh,Si,const,0,,,,,,30
Rh,Te,const,0,,,,,,5
Ru,As,const,0,,,,,,35
Ru,Br,const,0,,,,,,120
Ru,C,Double,,1.9104,0.0258,0.0665,-2.0042,,326
Ru,C,Single,,1.8876,0.0692,0.0665,-0.1495,,2083
Ru,C,Triple,,1.7788,0.0089,0.0665,-5.4885,,10
Ru,C,thr,,,,0.0665,,1.80073|1.80073,2419
Ru,Cl,const,0,,,,,,1671
Ru,H,const,0,,,,,,447
Ru,I,const,0,,,,,,99
Ru,N,Double,,1.7114,0.0351,0.0898,-4.7753,,11
Ru,N,Single,,2.0549,0.0906,0.0898,-0.0147,,1285
Ru,N,Triple,,1.6463,0.0050,0.0898,-5.0938,,8
Ru,N,thr,,,,0.0898,,1.64708|1.64708,1304
Ru,O,Double,,1.5961,0.0117,0.1031,-3.7869,,17
Ru,O,Single,,2.1512,0.1053,0.1031,-0.0229,,733
Ru,O,thr,,,,0.1031,,1.72099|-inf,750
Ru,P,const,0,,,,,,990
Ru,S,const,0,,,,,,653
Ru,Se,const,0,,,,,,53
Ru,Si,const,0,,,,,,58
Ru,Te,const,0,,,,,,30
Sc,C,const,0,,,,,,61
Sc,Cl,const,0,,,,,,79
Sc,H,const,0,,,,,,16
Sc,I,const,0,,,,,,15
Sc,N,const,0,,,,,,138
Sc,O,const,0,,,,,,141
Sc,S,const,0,,,,,,6
Sn,As,const,0,,,,,,14
Sn,Br,const,0,,,,,,66
Sn,C,Double,,2.2361,0.0050,0.0587,-5.5199,,5
Sn,C,Single,,2.2385,0.0588,0.0587,-0.0040,,1243
Sn,C,thr,,,,0.0587,,-inf|-inf,1248
Sn,Cl,const,0,,,,,,346
Sn,F,const,0,,,,,,21
Sn,H,const,0,,,,,,5
Sn,I,const,0,,,,,,29
Sn,N,const,0,,,,,,437
Sn,O,const,0,,,,,,922
Sn,P,const,0,,,,,,45
Sn,S,const,0,,,,,,298
Sn,Se,const,0,,,,,,170
Sn,Si,const,0,,,,,,35
Sn,Te,const,0,,,,,,21
Ta,Br,const,0,,,,,,43
Ta,C,Double,,2.0378,0.0203,0.0484,-2.5965,,12
Ta,C,Single,,2.2973,0.0549,0.0484,-0.0775,,149
Ta,C,thr,,,,0.0484,,-inf|-inf,161
Ta,Cl,const,0,,,,,,478
Ta,F,const,0,,,,,,152
Ta,H,const,0,,,,,,21
Ta,N,Double,,1.8148,0.0254,0.1577,-2.0680,,33
Ta,N,Single,,2.1831,0.1938,0.1577,-0.1573,,223
Ta,N,Triple,,1.7944,0.0056,0.1577,-3.9551,,5
Ta,N,thr,,,,0.1577,,1.94002|1.79144,261
Ta,O,const,0,,,,,,149
Ta,P,const,0,,,,,,133
Ta,S,Double,,2.2478,0.0050,0.1531,-2.5759,,7
Ta,S,Single,,2.6051,0.1930,0.1531,-0.0791,,85
Ta,S,thr,,,,0.1531,,2.3691|-inf,92
Ti,As,const,0,,,,,,8
Ti,Br,const,0,,,,,,67
Ti,C,Double,,2.0439,0.0891,0.0355,-3.8359,,6
Ti,C,Single,,2.0911,0.0347,0.0355,-0.0218,,272
Ti,C,thr,,,,0.0355,,-inf|-inf,278
Ti,Cl,const,0,,,,,,1426
Ti,F,const,0,,,,,,297
Ti,H,const,0,,,,,,58
Ti,I,const,0,,,,,,25
Ti,N,Double,,1.7439,0.0873,0.1506,-3.6431,,19
Ti,N,Single,,2.0213,0.1550,0.1506,-0.0308,,704
Ti,N,thr,,,,0.1506,,1.72623|-inf,726
Ti,O,const,0,,,,,,1096
Ti,P,const,0,,,,,,110
Ti,S,const,0,,,,,,225
Ti,Se,const,0,,,,,,35
V,Br,const,0,,,,,,25
V,C,const,0,,,,,,137
V,Cl,const,0,,,,,,344
V,F,const,0,,,,,,24
V,H,const,0,,,,,,71
V,I,const,0,,,,,,20
V,N,Double,,1.6140,0.0160,0.2023,-3.2313,,16
V,N,Single,,2.0728,0.2073,0.2023,-0.0532,,384
V,N,Triple,,1.6073,0.0132,0.2023,-4.3944,,5
V,N,thr,,,,0.2023,,1.68667|-inf,405
V,O,Double,,1.5277,0.0101,0.1514,-1.4858,,239
V,O,Single,,1.8644,0.2275,0.1514,-0.2578,,816
V,O,thr,,,,0.1514,,1.56158|-inf,1056
V,P,const,0,,,,,,160
V,S,Double,,2.0842,0.0050,0.0995,-3.8395,,6
V,S,Single,,2.3235,0.0996,0.0995,-0.0217,,273
V,S,thr,,,,0.0995,,2.12647|-inf,279
V,Se,const,0,,,,,,24
V,Te,const,0,,,,,,8
W,As,const,0,,,,,,37
W,Br,const,0,,,,,,105
W,C,Double,,2.1438,0.0414,0.0108,-3.1648,,183
W,C,Single,,1.9970,0.0101,0.0108,-0.0656,,4059
W,C,Triple,,1.9097,0.0123,0.0108,-3.8525,,92
W,C,thr,,,,0.0108,,1.93377|1.93377,4334
W,Cl,const,0,,,,,,930
W,F,const,0,,,,,,75
W,H,const,0,,,,,,118
W,I,const,0,,,,,,28
W,N,Double,,1.7934,0.0201,0.0543,-1.9716,,110
W,N,Single,,2.1945,0.0705,0.0543,-0.2263,,630
W,N,Triple,,1.7817,0.0222,0.0543,-2.7600,,50
W,N,thr,,,,0.0543,,1.95331|1.76886,790
W,O,Double,,1.6832,0.0175,0.1624,-1.4713,,200
W,O,Single,,2.0492,0.2058,0.1624,-0.2699,,665
W,O,Triple,,1.6826,0.0065,0.1624,-4.9779,,6
W,O,thr,,,,0.1624,,1.76124|-inf,871
W,P,const,0,,,,,,900
W,S,Double,,2.2223,0.0050,0.1192,-1.9271,,115
W,S,Single,,2.5089,0.1382,0.1192,-0.1588,,674
W,S,thr,,,,0.1192,,2.22252|2.17477,790
W,Se,Double,,2.2750,0.0403,0.1077,-2.0149,,12
W,Se,Single,,2.5355,0.1227,0.1077,-0.1431,,78
W,Se,thr,,,,0.1077,,2.30227|-inf,90
W,Si,const,0,,,,,,31
W,Te,const,0,,,,,,19
Y,Br,const,0,,,,,,5
Y,C,const,0,,,,,,120
Y,Cl,const,0,,,,,,117
Y,F,const,0,,,,,,9
Y,H,const,0,,,,,,36
Y,I,const,0,,,,,,32
Y,N,const,0,,,,,,910
Y,O,const,0,,,,,,980
Y,P,const,0,,,,,,22
Y,S,const,0,,,,,,22
Zn,As,const,0,,,,,,8
Zn,Br,const,0,,,,,,160
Zn,C,Double,,2.1888,0.0523,0.0165,-3.8224,,7
Zn,C,Single,,2.0259,0.0165,0.0165,-0.0221,,313
Zn,C,thr,,,,0.0165,,-inf|-inf,320
Zn,Cl,const,0,,,,,,675
Zn,F,const,0,,,,,,5
Zn,H,const,0,,,,,,12
Zn,I,const,0,,,,,,117
Zn,N,const,0,,,,,,1763
Zn,O,const,0,,,,,,1652
Zn,P,const,0,,,,,,18
Zn,S,const,0,,,,,,312
Zn,Se,const,0,,,,,,31
Zr,As,const,0,,,,,,14
Zr,Br,const,0,,,,,,33
Zr,C,Double,,2.1919,0.1470,0.0329,-4.0146,,5
Zr,C,Single,,2.2429,0.0325,0.0329,-0.0182,,272
Zr,C,thr,,,,0.0329,,2.09278|-inf,277
Zr,Cl,const,0,,,,,,659
Zr,F,const,0,,,,,,152
Zr,H,const,0,,,,,,140
Zr,I,const,0,,,,,,22
Zr,N,const,0,,,,,,367
Zr,O,const,0,,,,,,364
Zr,P,const,0,,,,,,144
Zr,S,const,0,,,,,,74
Zr,Se,const,0,,,,,,6
Zr,Te,const,0,,,,,,15
*,*,fallback,0,,,,,,158048
